date,sku,demand
2026-01-01,PACK-001,82.91
2026-01-02,PACK-001,85.44
2026-01-03,PACK-001,86.87
2026-01-04,PACK-001,87.22
2026-01-05,PACK-001,65.68
2026-01-06,PACK-001,56.51
2026-01-07,PACK-001,61.78
2026-01-08,PACK-001,83.91
2026-01-09,PACK-001,92.74
2026-01-10,PACK-001,96.41
2026-01-11,PACK-001,89.2
2026-01-12,PACK-001,76.84
2026-01-13,PACK-001,62.23
2026-01-14,PACK-001,56.66
2026-01-15,PACK-001,77.18
2026-01-16,PACK-001,91.79
2026-01-17,PACK-001,91.4
2026-01-18,PACK-001,90.73
2026-01-19,PACK-001,77.08
2026-01-20,PACK-001,59.57
2026-01-21,PACK-001,65.95
2026-01-22,PACK-001,80.16
2026-01-23,PACK-001,95.37
2026-01-24,PACK-001,97.22
2026-01-25,PACK-001,86.91
2026-01-26,PACK-001,72.89
2026-01-27,PACK-001,62.35
2026-01-28,PACK-001,71.71
2026-01-29,PACK-001,78.0
2026-01-30,PACK-001,93.89
2026-01-31,PACK-001,92.72
2026-02-01,PACK-001,98.64
2026-02-02,PACK-001,73.82
2026-02-03,PACK-001,65.26
2026-02-04,PACK-001,65.92
2026-02-05,PACK-001,82.1
2026-02-06,PACK-001,89.95
2026-02-07,PACK-001,102.48
2026-02-08,PACK-001,96.8
2026-02-09,PACK-001,73.67
2026-02-10,PACK-001,65.53
2026-02-11,PACK-001,69.49
2026-02-12,PACK-001,82.93
2026-02-13,PACK-001,101.34
2026-02-14,PACK-001,97.52
2026-02-15,PACK-001,91.43
2026-02-16,PACK-001,72.64
2026-02-17,PACK-001,71.43
2026-02-18,PACK-001,74.87
2026-02-19,PACK-001,84.71
2026-02-20,PACK-001,105.79
2026-02-21,PACK-001,105.64
2026-02-22,PACK-001,87.42
2026-02-23,PACK-001,77.85
2026-02-24,PACK-001,69.21
2026-02-25,PACK-001,74.06
2026-02-26,PACK-001,90.53
2026-02-27,PACK-001,107.06
2026-02-28,PACK-001,103.59
2026-03-01,PACK-001,95.49
2026-03-02,PACK-001,81.04
2026-03-03,PACK-001,69.93
2026-03-04,PACK-001,78.97
2026-03-05,PACK-001,87.38
2026-03-06,PACK-001,103.55
2026-03-07,PACK-001,111.48
2026-03-08,PACK-001,94.06
2026-03-09,PACK-001,85.03
2026-03-10,PACK-001,67.15
2026-03-11,PACK-001,82.9
2026-03-12,PACK-001,91.89
2026-03-13,PACK-001,104.84
2026-03-14,PACK-001,104.29
2026-03-15,PACK-001,95.66
2026-03-16,PACK-001,77.28
2026-03-17,PACK-001,78.61
2026-03-18,PACK-001,75.61
2026-03-19,PACK-001,94.59
2026-03-20,PACK-001,108.48
2026-03-21,PACK-001,108.68
2026-03-22,PACK-001,96.97
2026-03-23,PACK-001,82.42
2026-03-24,PACK-001,70.42
2026-03-25,PACK-001,81.73
2026-03-26,PACK-001,91.74
2026-03-27,PACK-001,110.28
2026-03-28,PACK-001,109.35
2026-03-29,PACK-001,100.21
2026-03-30,PACK-001,88.08
2026-03-31,PACK-001,83.52
2026-04-01,PACK-001,82.9
2026-04-02,PACK-001,85.5
2026-04-03,PACK-001,96.36
2026-04-04,PACK-001,107.92
2026-04-05,PACK-001,104.61
2026-04-06,PACK-001,83.64
2026-04-07,PACK-001,77.58
2026-04-08,PACK-001,81.94
2026-04-09,PACK-001,103.28
2026-04-10,PACK-001,99.08
2026-04-11,PACK-001,110.75
2026-04-12,PACK-001,109.0
2026-04-13,PACK-001,81.74
2026-04-14,PACK-001,72.87
2026-04-15,PACK-001,90.8
2026-04-16,PACK-001,98.21
2026-04-17,PACK-001,112.9
2026-04-18,PACK-001,108.72
2026-04-19,PACK-001,106.72
2026-04-20,PACK-001,81.98
2026-04-21,PACK-001,79.0
2026-04-22,PACK-001,81.79
2026-04-23,PACK-001,95.69
2026-04-24,PACK-001,115.22
2026-04-25,PACK-001,115.9
2026-04-26,PACK-001,110.84
2026-04-27,PACK-001,89.66
2026-04-28,PACK-001,83.69
2026-04-29,PACK-001,89.59
2026-04-30,PACK-001,96.17
2026-05-01,PACK-001,107.59
2026-05-02,PACK-001,117.31
2026-05-03,PACK-001,97.55
2026-05-04,PACK-001,83.2
2026-05-05,PACK-001,76.38
2026-05-06,PACK-001,88.8
2026-05-07,PACK-001,101.68
2026-05-08,PACK-001,116.49
2026-05-09,PACK-001,119.26
2026-05-10,PACK-001,104.05
2026-05-11,PACK-001,92.45
2026-05-12,PACK-001,77.56
2026-05-13,PACK-001,88.36
2026-05-14,PACK-001,103.56
2026-05-15,PACK-001,113.72
2026-05-16,PACK-001,120.63
2026-05-17,PACK-001,115.6
2026-05-18,PACK-001,91.45
2026-05-19,PACK-001,83.46
2026-05-20,PACK-001,88.99
2026-05-21,PACK-001,98.96
2026-05-22,PACK-001,110.05
2026-05-23,PACK-001,114.26
2026-05-24,PACK-001,111.08
2026-05-25,PACK-001,91.8
2026-05-26,PACK-001,92.78
2026-05-27,PACK-001,81.89
2026-05-28,PACK-001,108.6
2026-05-29,PACK-001,117.45
2026-05-30,PACK-001,121.79
2026-05-31,PACK-001,112.85
2026-06-01,PACK-001,92.83
2026-06-02,PACK-001,83.67
2026-06-03,PACK-001,93.07
2026-06-04,PACK-001,100.73
2026-06-05,PACK-001,120.63
2026-06-06,PACK-001,118.09
2026-06-07,PACK-001,103.85
2026-06-08,PACK-001,96.71
2026-06-09,PACK-001,92.46
2026-06-10,PACK-001,86.43
2026-06-11,PACK-001,109.23
2026-06-12,PACK-001,118.3
2026-06-13,PACK-001,130.15
2026-06-14,PACK-001,109.61
2026-06-15,PACK-001,100.03
2026-06-16,PACK-001,91.66
2026-06-17,PACK-001,99.96
2026-06-18,PACK-001,113.77
2026-06-19,PACK-001,119.53
2026-06-20,PACK-001,125.75
2026-06-21,PACK-001,124.24
2026-06-22,PACK-001,104.3
2026-06-23,PACK-001,99.22
2026-06-24,PACK-001,93.42
2026-06-25,PACK-001,111.64
2026-06-26,PACK-001,127.42
2026-06-27,PACK-001,126.9
2026-06-28,PACK-001,122.24
2026-06-29,PACK-001,103.76
2026-06-30,PACK-001,96.8
2026-07-01,PACK-001,99.86
2026-07-02,PACK-001,106.09
2026-07-03,PACK-001,125.33
2026-07-04,PACK-001,138.67
2026-07-05,PACK-001,125.98
2026-07-06,PACK-001,114.13
2026-07-07,PACK-001,99.65
2026-07-08,PACK-001,97.83
2026-07-09,PACK-001,116.22
2026-07-10,PACK-001,127.23
2026-07-11,PACK-001,124.75
2026-07-12,PACK-001,125.24
2026-07-13,PACK-001,108.0
2026-07-14,PACK-001,99.25
2026-07-15,PACK-001,98.54
2026-07-16,PACK-001,112.64
2026-07-17,PACK-001,128.56
2026-07-18,PACK-001,133.08
2026-07-19,PACK-001,125.28
2026-07-20,PACK-001,105.65
2026-07-21,PACK-001,100.87
2026-07-22,PACK-001,99.28
2026-07-23,PACK-001,114.98
2026-07-24,PACK-001,135.96
2026-07-25,PACK-001,128.54
2026-07-26,PACK-001,123.78
2026-07-27,PACK-001,111.32
2026-07-28,PACK-001,102.49
2026-07-29,PACK-001,103.51
2026-01-01,DRINK-002,131.51
2026-01-02,DRINK-002,146.37
2026-01-03,DRINK-002,147.88
2026-01-04,DRINK-002,128.85
2026-01-05,DRINK-002,106.15
2026-01-06,DRINK-002,89.82
2026-01-07,DRINK-002,102.23
2026-01-08,DRINK-002,117.63
2026-01-09,DRINK-002,135.18
2026-01-10,DRINK-002,154.48
2026-01-11,DRINK-002,132.2
2026-01-12,DRINK-002,104.17
2026-01-13,DRINK-002,91.24
2026-01-14,DRINK-002,98.01
2026-01-15,DRINK-002,119.31
2026-01-16,DRINK-002,141.36
2026-01-17,DRINK-002,147.94
2026-01-18,DRINK-002,126.46
2026-01-19,DRINK-002,106.08
2026-01-20,DRINK-002,91.81
2026-01-21,DRINK-002,93.15
2026-01-22,DRINK-002,112.09
2026-01-23,DRINK-002,150.98
2026-01-24,DRINK-002,143.5
2026-01-25,DRINK-002,133.42
2026-01-26,DRINK-002,105.82
2026-01-27,DRINK-002,96.47
2026-01-28,DRINK-002,99.81
2026-01-29,DRINK-002,123.1
2026-01-30,DRINK-002,138.21
2026-01-31,DRINK-002,140.25
2026-02-01,DRINK-002,130.97
2026-02-02,DRINK-002,109.33
2026-02-03,DRINK-002,86.56
2026-02-04,DRINK-002,93.96
2026-02-05,DRINK-002,117.81
2026-02-06,DRINK-002,137.59
2026-02-07,DRINK-002,135.21
2026-02-08,DRINK-002,125.04
2026-02-09,DRINK-002,101.39
2026-02-10,DRINK-002,82.87
2026-02-11,DRINK-002,95.94
2026-02-12,DRINK-002,109.39
2026-02-13,DRINK-002,142.19
2026-02-14,DRINK-002,142.71
2026-02-15,DRINK-002,126.02
2026-02-16,DRINK-002,94.37
2026-02-17,DRINK-002,89.08
2026-02-18,DRINK-002,87.86
2026-02-19,DRINK-002,116.62
2026-02-20,DRINK-002,139.1
2026-02-21,DRINK-002,142.78
2026-02-22,DRINK-002,128.09
2026-02-23,DRINK-002,99.37
2026-02-24,DRINK-002,87.8
2026-02-25,DRINK-002,90.64
2026-02-26,DRINK-002,118.14
2026-02-27,DRINK-002,140.22
2026-02-28,DRINK-002,141.65
2026-03-01,DRINK-002,130.41
2026-03-02,DRINK-002,99.22
2026-03-03,DRINK-002,79.68
2026-03-04,DRINK-002,92.67
2026-03-05,DRINK-002,112.34
2026-03-06,DRINK-002,128.58
2026-03-07,DRINK-002,146.17
2026-03-08,DRINK-002,134.26
2026-03-09,DRINK-002,106.89
2026-03-10,DRINK-002,87.35
2026-03-11,DRINK-002,94.15
2026-03-12,DRINK-002,108.91
2026-03-13,DRINK-002,138.25
2026-03-14,DRINK-002,148.08
2026-03-15,DRINK-002,127.76
2026-03-16,DRINK-002,97.56
2026-03-17,DRINK-002,89.67
2026-03-18,DRINK-002,93.7
2026-03-19,DRINK-002,108.98
2026-03-20,DRINK-002,133.93
2026-03-21,DRINK-002,137.32
2026-03-22,DRINK-002,127.77
2026-03-23,DRINK-002,105.33
2026-03-24,DRINK-002,87.55
2026-03-25,DRINK-002,90.95
2026-03-26,DRINK-002,114.61
2026-03-27,DRINK-002,139.51
2026-03-28,DRINK-002,140.15
2026-03-29,DRINK-002,127.94
2026-03-30,DRINK-002,105.54
2026-03-31,DRINK-002,87.13
2026-04-01,DRINK-002,96.9
2026-04-02,DRINK-002,112.31
2026-04-03,DRINK-002,138.98
2026-04-04,DRINK-002,134.1
2026-04-05,DRINK-002,121.39
2026-04-06,DRINK-002,98.56
2026-04-07,DRINK-002,86.03
2026-04-08,DRINK-002,96.42
2026-04-09,DRINK-002,111.5
2026-04-10,DRINK-002,134.03
2026-04-11,DRINK-002,136.0
2026-04-12,DRINK-002,122.37
2026-04-13,DRINK-002,100.5
2026-04-14,DRINK-002,76.99
2026-04-15,DRINK-002,89.1
2026-04-16,DRINK-002,116.19
2026-04-17,DRINK-002,139.48
2026-04-18,DRINK-002,135.09
2026-04-19,DRINK-002,123.42
2026-04-20,DRINK-002,98.23
2026-04-21,DRINK-002,83.96
2026-04-22,DRINK-002,85.59
2026-04-23,DRINK-002,109.59
2026-04-24,DRINK-002,134.73
2026-04-25,DRINK-002,143.58
2026-04-26,DRINK-002,119.45
2026-04-27,DRINK-002,96.67
2026-04-28,DRINK-002,85.54
2026-04-29,DRINK-002,85.45
2026-04-30,DRINK-002,111.09
2026-05-01,DRINK-002,127.17
2026-05-02,DRINK-002,132.06
2026-05-03,DRINK-002,123.58
2026-05-04,DRINK-002,99.9
2026-05-05,DRINK-002,80.25
2026-05-06,DRINK-002,83.16
2026-05-07,DRINK-002,115.4
2026-05-08,DRINK-002,125.9
2026-05-09,DRINK-002,138.7
2026-05-10,DRINK-002,123.57
2026-05-11,DRINK-002,103.09
2026-05-12,DRINK-002,85.27
2026-05-13,DRINK-002,91.91
2026-05-14,DRINK-002,103.46
2026-05-15,DRINK-002,131.08
2026-05-16,DRINK-002,139.3
2026-05-17,DRINK-002,123.21
2026-05-18,DRINK-002,108.75
2026-05-19,DRINK-002,87.84
2026-05-20,DRINK-002,85.89
2026-05-21,DRINK-002,105.96
2026-05-22,DRINK-002,130.34
2026-05-23,DRINK-002,129.51
2026-05-24,DRINK-002,121.31
2026-05-25,DRINK-002,98.04
2026-05-26,DRINK-002,84.74
2026-05-27,DRINK-002,87.5
2026-05-28,DRINK-002,107.6
2026-05-29,DRINK-002,129.76
2026-05-30,DRINK-002,135.48
2026-05-31,DRINK-002,118.4
2026-06-01,DRINK-002,94.92
2026-06-02,DRINK-002,80.86
2026-06-03,DRINK-002,77.18
2026-06-04,DRINK-002,112.18
2026-06-05,DRINK-002,125.79
2026-06-06,DRINK-002,137.39
2026-06-07,DRINK-002,119.37
2026-06-08,DRINK-002,96.28
2026-06-09,DRINK-002,82.09
2026-06-10,DRINK-002,79.72
2026-06-11,DRINK-002,115.22
2026-06-12,DRINK-002,134.77
2026-06-13,DRINK-002,138.3
2026-06-14,DRINK-002,124.83
2026-06-15,DRINK-002,95.31
2026-06-16,DRINK-002,86.49
2026-06-17,DRINK-002,83.33
2026-06-18,DRINK-002,104.24
2026-06-19,DRINK-002,129.26
2026-06-20,DRINK-002,137.25
2026-06-21,DRINK-002,111.38
2026-06-22,DRINK-002,90.62
2026-06-23,DRINK-002,82.1
2026-06-24,DRINK-002,86.25
2026-06-25,DRINK-002,103.49
2026-06-26,DRINK-002,132.61
2026-06-27,DRINK-002,136.02
2026-06-28,DRINK-002,122.53
2026-06-29,DRINK-002,94.83
2026-06-30,DRINK-002,78.15
2026-07-01,DRINK-002,84.88
2026-07-02,DRINK-002,102.32
2026-07-03,DRINK-002,127.46
2026-07-04,DRINK-002,134.57
2026-07-05,DRINK-002,113.1
2026-07-06,DRINK-002,93.54
2026-07-07,DRINK-002,79.81
2026-07-08,DRINK-002,82.8
2026-07-09,DRINK-002,107.37
2026-07-10,DRINK-002,124.29
2026-07-11,DRINK-002,129.56
2026-07-12,DRINK-002,118.2
2026-07-13,DRINK-002,95.19
2026-07-14,DRINK-002,80.17
2026-07-15,DRINK-002,88.09
2026-07-16,DRINK-002,106.91
2026-07-17,DRINK-002,123.84
2026-07-18,DRINK-002,127.48
2026-07-19,DRINK-002,119.7
2026-07-20,DRINK-002,96.04
2026-07-21,DRINK-002,76.82
2026-07-22,DRINK-002,84.78
2026-07-23,DRINK-002,99.29
2026-07-24,DRINK-002,124.89
2026-07-25,DRINK-002,128.81
2026-07-26,DRINK-002,121.93
2026-07-27,DRINK-002,86.72
2026-07-28,DRINK-002,77.33
2026-07-29,DRINK-002,77.65
2026-01-01,PART-003,32.41
2026-01-02,PART-003,44.31
2026-01-03,PART-003,45.59
2026-01-04,PART-003,43.93
2026-01-05,PART-003,34.88
2026-01-06,PART-003,28.31
2026-01-07,PART-003,22.4
2026-01-08,PART-003,42.58
2026-01-09,PART-003,37.13
2026-01-10,PART-003,43.18
2026-01-11,PART-003,39.16
2026-01-12,PART-003,32.9
2026-01-13,PART-003,28.97
2026-01-14,PART-003,25.09
2026-01-15,PART-003,27.42
2026-01-16,PART-003,41.17
2026-01-17,PART-003,49.86
2026-01-18,PART-003,38.96
2026-01-19,PART-003,40.7
2026-01-20,PART-003,26.73
2026-01-21,PART-003,32.94
2026-01-22,PART-003,41.21
2026-01-23,PART-003,36.27
2026-01-24,PART-003,44.53
2026-01-25,PART-003,36.89
2026-01-26,PART-003,38.54
2026-01-27,PART-003,29.69
2026-01-28,PART-003,34.69
2026-01-29,PART-003,31.9
2026-01-30,PART-003,41.14
2026-01-31,PART-003,46.97
2026-02-01,PART-003,43.44
2026-02-02,PART-003,40.22
2026-02-03,PART-003,28.18
2026-02-04,PART-003,26.89
2026-02-05,PART-003,35.61
2026-02-06,PART-003,42.96
2026-02-07,PART-003,52.17
2026-02-08,PART-003,36.79
2026-02-09,PART-003,32.1
2026-02-10,PART-003,30.16
2026-02-11,PART-003,27.54
2026-02-12,PART-003,34.19
2026-02-13,PART-003,46.87
2026-02-14,PART-003,44.5
2026-02-15,PART-003,38.95
2026-02-16,PART-003,34.09
2026-02-17,PART-003,31.39
2026-02-18,PART-003,32.84
2026-02-19,PART-003,37.38
2026-02-20,PART-003,48.14
2026-02-21,PART-003,47.3
2026-02-22,PART-003,41.9
2026-02-23,PART-003,31.51
2026-02-24,PART-003,26.64
2026-02-25,PART-003,35.18
2026-02-26,PART-003,28.09
2026-02-27,PART-003,45.24
2026-02-28,PART-003,51.18
2026-03-01,PART-003,40.8
2026-03-02,PART-003,35.01
2026-03-03,PART-003,33.04
2026-03-04,PART-003,40.58
2026-03-05,PART-003,36.38
2026-03-06,PART-003,44.88
2026-03-07,PART-003,39.91
2026-03-08,PART-003,38.25
2026-03-09,PART-003,36.44
2026-03-10,PART-003,31.84
2026-03-11,PART-003,29.93
2026-03-12,PART-003,30.45
2026-03-13,PART-003,43.35
2026-03-14,PART-003,45.16
2026-03-15,PART-003,43.88
2026-03-16,PART-003,33.45
2026-03-17,PART-003,29.68
2026-03-18,PART-003,35.53
2026-03-19,PART-003,41.5
2026-03-20,PART-003,50.49
2026-03-21,PART-003,38.86
2026-03-22,PART-003,37.55
2026-03-23,PART-003,35.12
2026-03-24,PART-003,35.01
2026-03-25,PART-003,34.71
2026-03-26,PART-003,46.01
2026-03-27,PART-003,51.55
2026-03-28,PART-003,51.48
2026-03-29,PART-003,42.13
2026-03-30,PART-003,38.6
2026-03-31,PART-003,31.52
2026-04-01,PART-003,35.26
2026-04-02,PART-003,41.39
2026-04-03,PART-003,48.36
2026-04-04,PART-003,40.46
2026-04-05,PART-003,41.13
2026-04-06,PART-003,33.52
2026-04-07,PART-003,32.25
2026-04-08,PART-003,30.77
2026-04-09,PART-003,40.32
2026-04-10,PART-003,46.4
2026-04-11,PART-003,44.41
2026-04-12,PART-003,37.92
2026-04-13,PART-003,33.56
2026-04-14,PART-003,37.11
2026-04-15,PART-003,39.65
2026-04-16,PART-003,40.16
2026-04-17,PART-003,34.15
2026-04-18,PART-003,50.59
2026-04-19,PART-003,48.22
2026-04-20,PART-003,45.77
2026-04-21,PART-003,33.89
2026-04-22,PART-003,38.47
2026-04-23,PART-003,49.1
2026-04-24,PART-003,45.98
2026-04-25,PART-003,55.46
2026-04-26,PART-003,45.46
2026-04-27,PART-003,39.48
2026-04-28,PART-003,33.2
2026-04-29,PART-003,33.61
2026-04-30,PART-003,39.47
2026-05-01,PART-003,51.04
2026-05-02,PART-003,46.09
2026-05-03,PART-003,34.5
2026-05-04,PART-003,39.14
2026-05-05,PART-003,33.36
2026-05-06,PART-003,38.51
2026-05-07,PART-003,41.2
2026-05-08,PART-003,45.14
2026-05-09,PART-003,43.13
2026-05-10,PART-003,44.04
2026-05-11,PART-003,38.41
2026-05-12,PART-003,38.93
2026-05-13,PART-003,39.12
2026-05-14,PART-003,41.75
2026-05-15,PART-003,54.01
2026-05-16,PART-003,49.26
2026-05-17,PART-003,45.5
2026-05-18,PART-003,42.34
2026-05-19,PART-003,35.99
2026-05-20,PART-003,35.8
2026-05-21,PART-003,39.84
2026-05-22,PART-003,44.54
2026-05-23,PART-003,53.11
2026-05-24,PART-003,45.58
2026-05-25,PART-003,37.57
2026-05-26,PART-003,37.13
2026-05-27,PART-003,35.33
2026-05-28,PART-003,45.26
2026-05-29,PART-003,51.07
2026-05-30,PART-003,51.56
2026-05-31,PART-003,46.89
2026-06-01,PART-003,36.44
2026-06-02,PART-003,34.38
2026-06-03,PART-003,39.57
2026-06-04,PART-003,36.91
2026-06-05,PART-003,42.73
2026-06-06,PART-003,49.05
2026-06-07,PART-003,48.15
2026-06-08,PART-003,33.99
2026-06-09,PART-003,32.4
2026-06-10,PART-003,36.62
2026-06-11,PART-003,35.3
2026-06-12,PART-003,51.01
2026-06-13,PART-003,49.64
2026-06-14,PART-003,43.67
2026-06-15,PART-003,37.51
2026-06-16,PART-003,34.27
2026-06-17,PART-003,40.59
2026-06-18,PART-003,43.93
2026-06-19,PART-003,53.54
2026-06-20,PART-003,44.33
2026-06-21,PART-003,42.73
2026-06-22,PART-003,37.11
2026-06-23,PART-003,38.05
2026-06-24,PART-003,46.32
2026-06-25,PART-003,47.71
2026-06-26,PART-003,51.35
2026-06-27,PART-003,52.82
2026-06-28,PART-003,42.65
2026-06-29,PART-003,49.31
2026-06-30,PART-003,36.92
2026-07-01,PART-003,33.32
2026-07-02,PART-003,42.22
2026-07-03,PART-003,52.05
2026-07-04,PART-003,47.21
2026-07-05,PART-003,47.88
2026-07-06,PART-003,44.99
2026-07-07,PART-003,37.23
2026-07-08,PART-003,43.82
2026-07-09,PART-003,40.52
2026-07-10,PART-003,46.54
2026-07-11,PART-003,49.58
2026-07-12,PART-003,47.72
2026-07-13,PART-003,41.98
2026-07-14,PART-003,35.54
2026-07-15,PART-003,45.25
2026-07-16,PART-003,45.35
2026-07-17,PART-003,46.92
2026-07-18,PART-003,51.11
2026-07-19,PART-003,44.36
2026-07-20,PART-003,41.11
2026-07-21,PART-003,42.16
2026-07-22,PART-003,37.72
2026-07-23,PART-003,48.65
2026-07-24,PART-003,53.96
2026-07-25,PART-003,52.46
2026-07-26,PART-003,51.48
2026-07-27,PART-003,38.47
2026-07-28,PART-003,36.7
2026-07-29,PART-003,38.19
